trial,controller,passed,final_altitude_m,max_altitude_m,max_tilt_deg,final_tilt_deg,max_lateral_m,final_lateral_m,max_angular_rate_radps,min_body_z,saturation_fraction,mass_kg,inertia_scale,thrust_n,wind_x_mps,wind_y_mps,wind_speed_mps,thrust_misalign_deg,thrust_offset_x_m,cp_z_m,cn_alpha,max_gimbal_deg
0,open_loop,0,-4.63017,8.34749,179.488,52.6674,26.7346,26.7346,5.17729,-0.99996,0,47.6423,0.967079,839.259,-5.95403,3.48627,6.89961,0.462275,0.00345555,0.475469,2.02033,5.14758
0,pd_tvc,1,34.8107,34.8107,5.01856,5.01856,5.85012,5.85012,0.21827,0.996166,0,47.6423,0.967079,839.259,-5.95403,3.48627,6.89961,0.462275,0.00345555,0.475469,2.02033,5.14758
0,lqr_tvc,1,34.885,34.885,4.09397,4.09397,4.88258,4.88258,0.194566,0.997448,0,47.6423,0.967079,839.259,-5.95403,3.48627,6.89961,0.462275,0.00345555,0.475469,2.02033,5.14758
1,open_loop,0,24.53,24.53,159.902,159.253,19.8831,19.8831,4.3232,-0.939109,0,48.1339,0.892622,840.214,3.92078,3.67723,5.37537,0.428603,0.00166408,0.42542,2.7357,4.46741
1,pd_tvc,1,34.2569,34.2569,3.28694,2.23191,3.16347,3.16347,0.165338,0.998355,0,48.1339,0.892622,840.214,3.92078,3.67723,5.37537,0.428603,0.00166408,0.42542,2.7357,4.46741
1,lqr_tvc,1,34.2839,34.2839,2.65982,1.83943,2.5474,2.5474,0.150464,0.998923,0,48.1339,0.892622,840.214,3.92078,3.67723,5.37537,0.428603,0.00166408,0.42542,2.7357,4.46741
2,open_loop,0,14.2444,15.9953,173.569,128.25,25.4197,25.4197,4.78291,-0.993707,0,49.1823,0.94569,830.094,3.04121,-1.85933,3.56455,0.840575,0.00248887,0.307811,2.24915,4.61408
2,pd_tvc,1,31.3524,31.3524,7.01558,5.93698,7.2326,7.2326,0.341568,0.992513,0,49.1823,0.94569,830.094,3.04121,-1.85933,3.56455,0.840575,0.00248887,0.307811,2.24915,4.61408
2,lqr_tvc,1,31.4903,31.4903,5.62308,4.82272,5.8684,5.8684,0.306397,0.995188,0,49.1823,0.94569,830.094,3.04121,-1.85933,3.56455,0.840575,0.00248887,0.307811,2.24915,4.61408
3,open_loop,0,3.23883,11.3559,179.086,26.9897,26.4604,26.4604,4.85352,-0.999873,0,49.9244,0.982195,868.571,-1.07913,-0.79784,1.34204,1.80892,0.00334763,0.216818,2.65578,5.82156
3,pd_tvc,1,31.7039,31.7039,16.365,15.0095,17.9751,17.9751,0.775108,0.959486,0,49.9244,0.982195,868.571,-1.07913,-0.79784,1.34204,1.80892,0.00334763,0.216818,2.65578,5.82156
3,lqr_tvc,1,32.5287,32.5287,13.01,12.1194,14.6578,14.6578,0.688189,0.974331,0,49.9244,0.982195,868.571,-1.07913,-0.79784,1.34204,1.80892,0.00334763,0.216818,2.65578,5.82156
4,open_loop,0,7.51639,12.5212,177.036,86.1465,26.1764,26.1764,4.65092,-0.998662,0,51.9154,1.06819,869.616,3.36163,-1.86528,3.84445,1.66479,0.00326497,0.241529,2.1137,5.2412
4,pd_tvc,1,29.3455,29.3455,15.0425,13.27,15.4147,15.4147,0.696855,0.965733,0,51.9154,1.06819,869.616,3.36163,-1.86528,3.84445,1.66479,0.00326497,0.241529,2.1137,5.2412
4,lqr_tvc,1,29.9979,29.9979,11.8631,10.7352,12.4627,12.4627,0.605724,0.978642,0,51.9154,1.06819,869.616,3.36163,-1.86528,3.84445,1.66479,0.00326497,0.241529,2.1137,5.2412
5,open_loop,0,33.9343,33.9343,69.662,69.662,8.74451,8.74451,1.69636,0.347557,0,48.6074,0.924451,862.847,2.21894,-2.46832,3.31908,1.32185,0.000590481,0.273828,2.90204,5.06891
5,pd_tvc,1,34.5036,34.5036,11.5882,9.86451,12.6935,12.6935,0.564999,0.979617,0,48.6074,0.924451,862.847,2.21894,-2.46832,3.31908,1.32185,0.000590481,0.273828,2.90204,5.06891
5,lqr_tvc,1,34.9014,34.9014,9.29397,8.04341,10.3481,10.3481,0.509939,0.986873,0,48.6074,0.924451,862.847,2.21894,-2.46832,3.31908,1.32185,0.000590481,0.273828,2.90204,5.06891
6,open_loop,0,-3.53336,8.18962,179.445,136.535,24.9946,24.9946,5.76962,-0.999953,0,47.6174,1.01653,855.82,0.809165,0.0438546,0.810352,1.44339,0.00555278,0.250996,2.9432,4.97287
6,pd_tvc,1,35.2076,35.2076,12.8085,11.1305,14.2643,14.2643,0.603818,0.975117,0,47.6174,1.01653,855.82,0.809165,0.0438546,0.810352,1.44339,0.00555278,0.250996,2.9432,4.97287
6,lqr_tvc,1,35.713,35.713,10.1642,9.06041,11.5885,11.5885,0.531521,0.984306,0,47.6174,1.01653,855.82,0.809165,0.0438546,0.810352,1.44339,0.00555278,0.250996,2.9432,4.97287
7,open_loop,0,-7.49577,6.74755,179.474,166.015,23.8517,23.8517,6.51795,-0.999958,0,48.7214,1.09081,869.829,-1.53702,0.811104,1.73791,2.00733,0.00689732,0.351982,2.33056,4.22274
7,pd_tvc,1,33.0846,33.0846,18.4902,16.2796,20.4688,20.4688,0.843315,0.948378,0,48.7214,1.09081,869.829,-1.53702,0.811104,1.73791,2.00733,0.00689732,0.351982,2.33056,4.22274
7,lqr_tvc,1,34.1598,34.1598,14.522,13.2544,16.6087,16.6087,0.729178,0.968051,0,48.7214,1.09081,869.829,-1.53702,0.811104,1.73791,2.00733,0.00689732,0.351982,2.33056,4.22274
8,open_loop,0,-0.461451,8.83863,177.903,109.38,24.8662,24.8662,6.00202,-0.99933,0,48.613,0.962196,837.798,3.72967,-1.05437,3.87584,1.33033,0.00485432,0.494882,1.83556,5.82194
8,pd_tvc,1,32.3131,32.3131,11.2289,9.04147,11.7493,11.7493,0.542986,0.980857,0,48.613,0.962196,837.798,3.72967,-1.05437,3.87584,1.33033,0.00485432,0.494882,1.83556,5.82194
8,lqr_tvc,1,32.6695,32.6695,8.97764,7.41518,9.55149,9.55149,0.484809,0.987749,0,48.613,0.962196,837.798,3.72967,-1.05437,3.87584,1.33033,0.00485432,0.494882,1.83556,5.82194
9,open_loop,0,23.871,23.871,132.704,132.704,18.3339,18.3339,2.78664,-0.678216,0,49.8258,0.912288,839.356,6.52247,2.09836,6.85169,2.02171,0.0022019,0.231546,2.44046,5.78536
9,pd_tvc,1,29.2739,29.2739,17.0892,14.8175,17.3486,17.3486,0.832335,0.955849,0,49.8258,0.912288,839.356,6.52247,2.09836,6.85169,2.02171,0.0022019,0.231546,2.44046,5.78536
9,lqr_tvc,1,30.081,30.081,13.6956,12.0265,14.1108,14.1108,0.753511,0.971567,0,49.8258,0.912288,839.356,6.52247,2.09836,6.85169,2.02171,0.0022019,0.231546,2.44046,5.78536
10,open_loop,0,-1.55498,7.98453,173.671,125.338,24.9727,24.9727,6.33476,-0.993905,0,52.4511,0.923998,878.056,4.04544,-2.82146,4.93216,0.239299,0.00467795,0.419624,2.60964,4.27605
10,pd_tvc,1,31.1159,31.1159,1.81092,1.09108,1.53137,1.53137,0.0908898,0.999501,0,52.4511,0.923998,878.056,4.04544,-2.82146,4.93216,0.239299,0.00467795,0.419624,2.60964,4.27605
10,lqr_tvc,1,31.1231,31.1231,1.46262,0.895129,1.2156,1.2156,0.0820567,0.999674,0,52.4511,0.923998,878.056,4.04544,-2.82146,4.93216,0.239299,0.00467795,0.419624,2.60964,4.27605
11,open_loop,0,16.6404,18.1236,179.1,131.52,24.7765,24.7765,4.31475,-0.999877,0,49.3659,0.880444,864.958,0.509857,0.265649,0.574912,2.1547,0.00191276,0.229993,2.57739,4.34124
11,pd_tvc,1,31.3348,31.3348,19.2208,17.4588,21.201,21.201,0.939145,0.944257,0,49.3659,0.880444,864.958,0.509857,0.265649,0.574912,2.1547,0.00191276,0.229993,2.57739,4.34124
11,lqr_tvc,1,32.4595,32.4595,15.4098,14.1002,17.386,17.386,0.857502,0.96405,0,49.3659,0.880444,864.958,0.509857,0.265649,0.574912,2.1547,0.00191276,0.229993,2.57739,4.34124
12,open_loop,0,15.7688,16.5354,169.125,169.125,25.3654,25.3654,2.54313,-0.982042,0,52.4102,0.970934,871.298,-6.47506,-1.60752,6.67162,0.251884,0.000778832,0.246233,3.03233,5.00027
12,pd_tvc,1,30.5206,30.5206,3.15714,3.15714,3.60725,3.60725,0.129626,0.998482,0,52.4102,0.970934,871.298,-6.47506,-1.60752,6.67162,0.251884,0.000778832,0.246233,3.03233,5.00027
12,lqr_tvc,1,30.548,30.548,2.5625,2.5625,3.05644,3.05644,0.115428,0.999,0,52.4102,0.970934,871.298,-6.47506,-1.60752,6.67162,0.251884,0.000778832,0.246233,3.03233,5.00027
13,open_loop,0,-2.71433,8.03878,176.795,146.326,25.3784,25.3784,7.57908,-0.998436,0,49.035,0.966841,876.56,5.23374,2.07954,5.63174,1.06425,0.00605501,0.453673,2.15373,4.2596
13,pd_tvc,1,35.5621,35.5621,9.11158,6.70424,9.4846,9.4846,0.442474,0.987382,0,49.035,0.966841,876.56,5.23374,2.07954,5.63174,1.06425,0.00605501,0.453673,2.15373,4.2596
13,lqr_tvc,1,35.7915,35.7915,7.29135,5.54009,7.6679,7.6679,0.394579,0.991914,0,49.035,0.966841,876.56,5.23374,2.07954,5.63174,1.06425,0.00605501,0.453673,2.15373,4.2596
14,open_loop,0,25.4033,25.4033,145.359,145.359,22.92,22.92,2.35586,-0.82273,0,47.7069,1.13,853.492,-3.74424,-5.07424,6.30613,0.411811,0.000922138,0.207095,3.07073,5.97362
14,pd_tvc,1,36.1099,36.1099,3.99386,3.99386,4.94753,4.94753,0.178218,0.997572,0,47.7069,1.13,853.492,-3.74424,-5.07424,6.30613,0.411811,0.000922138,0.207095,3.07073,5.97362
14,lqr_tvc,1,36.1646,36.1646,3.23839,3.23839,4.09462,4.09462,0.152634,0.998403,0,47.7069,1.13,853.492,-3.74424,-5.07424,6.30613,0.411811,0.000922138,0.207095,3.07073,5.97362
15,open_loop,0,-7.52713,6.55878,178.647,159.436,23.8701,23.8701,6.71475,-0.999721,0,49.9684,0.936574,878.714,0.320212,1.73128,1.76064,1.68972,0.00585467,0.24532,3.0467,5.47565
15,pd_tvc,1,32.848,32.848,15.3207,13.5867,16.901,16.901,0.738615,0.964462,0,49.9684,0.936574,878.714,0.320212,1.73128,1.76064,1.68972,0.00585467,0.24532,3.0467,5.47565
15,lqr_tvc,1,33.5601,33.5601,12.2448,11.0362,13.8096,13.8096,0.664205,0.97725,0,49.9684,0.936574,878.714,0.320212,1.73128,1.76064,1.68972,0.00585467,0.24532,3.0467,5.47565
16,open_loop,0,-0.151475,9.92495,178.644,18.7762,25.6411,25.6411,4.9291,-0.99972,0,48.3842,1.09952,847.549,5.13356,1.89841,5.47333,1.79708,0.00500913,0.179631,1.9287,4.25369
16,pd_tvc,1,32.5026,32.5026,15.8634,14.1367,16.7913,16.7913,0.72662,0.961916,0,48.3842,1.09952,847.549,5.13356,1.89841,5.47333,1.79708,0.00500913,0.179631,1.9287,4.25369
16,lqr_tvc,1,33.2596,33.2596,12.4632,11.3962,13.5219,13.5219,0.627125,0.976435,0,48.3842,1.09952,847.549,5.13356,1.89841,5.47333,1.79708,0.00500913,0.179631,1.9287,4.25369
17,open_loop,0,-0.200542,9.58259,178.745,44.5097,25.0368,25.0368,5.29587,-0.99976,0,50.585,0.851629,877.223,0.12822,0.852843,0.862428,1.89148,0.00346928,0.313298,2.0031,5.6434
17,pd_tvc,1,31.2339,31.2339,17.0201,15.5226,18.7835,18.7835,0.841553,0.956202,0,50.585,0.851629,877.223,0.12822,0.852843,0.862428,1.89148,0.00346928,0.313298,2.0031,5.6434
17,lqr_tvc,1,32.1105,32.1105,13.6949,12.5467,15.4316,15.4316,0.775704,0.97157,0,50.585,0.851629,877.223,0.12822,0.852843,0.862428,1.89148,0.00346928,0.313298,2.0031,5.6434
18,open_loop,0,-9.32707,5.9319,178.634,155.287,23.3708,23.3708,6.7531,-0.999716,0,48.8174,0.867227,846.659,3.93314,-3.25855,5.10761,1.2722,0.00618128,0.166264,2.00799,4.40057
18,pd_tvc,1,32.8008,32.8008,10.8759,10.0172,11.8102,11.8102,0.539995,0.982038,0,48.8174,0.867227,846.659,3.93314,-3.25855,5.10761,1.2722,0.00618128,0.166264,2.00799,4.40057
18,lqr_tvc,1,33.1521,33.1521,8.7689,8.06264,9.6379,9.6379,0.495199,0.988311,0,48.8174,0.867227,846.659,3.93314,-3.25855,5.10761,1.2722,0.00618128,0.166264,2.00799,4.40057
19,open_loop,0,2.23327,10.3674,176.154,69.7043,27.7209,27.7209,4.31583,-0.997748,0,50.8969,0.980251,850.15,-0.884866,7.61472,7.66596,0.597266,0.00304964,0.198446,2.45846,5.50075
19,pd_tvc,1,30.7092,30.7092,5.29362,5.01207,5.80491,5.80491,0.25324,0.995735,0,50.8969,0.980251,850.15,-0.884866,7.61472,7.66596,0.597266,0.00304964,0.198446,2.45846,5.50075
19,lqr_tvc,1,30.7937,30.7937,4.22311,4.04632,4.76357,4.76357,0.224974,0.997285,0,50.8969,0.980251,850.15,-0.884866,7.61472,7.66596,0.597266,0.00304964,0.198446,2.45846,5.50075
20,open_loop,0,9.08277,13.0449,175.637,114.118,26.0745,26.0745,4.23529,-0.997102,0,50.7814,0.930878,842.14,-1.90965,3.02122,3.57415,1.11955,0.00220985,0.299193,2.27764,4.27667
20,pd_tvc,1,29.5997,29.5997,9.7622,9.1393,10.4851,10.4851,0.47289,0.98552,0,50.7814,0.930878,842.14,-1.90965,3.02122,3.57415,1.11955,0.00220985,0.299193,2.27764,4.27667
20,lqr_tvc,1,29.8823,29.8823,7.81841,7.39301,8.5875,8.5875,0.425957,0.990704,0,50.7814,0.930878,842.14,-1.90965,3.02122,3.57415,1.11955,0.00220985,0.299193,2.27764,4.27667
21,open_loop,0,-6.67177,6.63172,177.866,163.863,23.6346,23.6346,6.22808,-0.999307,0,50.6653,0.93037,869.345,6.04993,3.78888,7.13844,1.12336,0.00593225,0.159184,2.62544,5.62866
21,pd_tvc,1,32.2459,32.2459,9.74189,8.6006,9.98977,9.98977,0.47478,0.98558,0,50.6653,0.93037,869.345,6.04993,3.78888,7.13844,1.12336,0.00593225,0.159184,2.62544,5.62866
21,lqr_tvc,1,32.5116,32.5116,7.81324,6.94933,8.06864,8.06864,0.427757,0.990716,0,50.6653,0.93037,869.345,6.04993,3.78888,7.13844,1.12336,0.00593225,0.159184,2.62544,5.62866
22,open_loop,0,-3.95559,7.70453,175.968,137.082,24.9553,24.9553,5.87737,-0.997525,0,48.8574,1.00728,854.147,5.76186,5.30289,7.83069,0.40184,0.00605764,0.220109,2.54172,5.28019
22,pd_tvc,1,34.3776,34.3776,3.18379,2.46206,2.98419,2.98419,0.152651,0.998457,0,48.8574,1.00728,854.147,5.76186,5.30289,7.83069,0.40184,0.00605764,0.220109,2.54172,5.28019
22,lqr_tvc,1,34.4034,34.4034,2.53747,1.99853,2.36442,2.36442,0.134676,0.999019,0,48.8574,1.00728,854.147,5.76186,5.30289,7.83069,0.40184,0.00605764,0.220109,2.54172,5.28019
23,open_loop,0,6.72547,11.253,175.108,99.9563,24.1407,24.1407,4.6728,-0.996357,0,52.0257,1.14409,826.267,4.81454,2.74827,5.54371,2.18985,0.00375668,0.244289,2.45565,5.73557
23,pd_tvc,1,24.6304,24.6304,18.9381,16.3043,17.9084,17.9084,0.853397,0.94587,0,52.0257,1.14409,826.267,4.81454,2.74827,5.54371,2.18985,0.00375668,0.244289,2.45565,5.73557
23,lqr_tvc,1,25.5923,25.5923,14.7887,13.2366,14.4143,14.4143,0.728668,0.966874,0,52.0257,1.14409,826.267,4.81454,2.74827,5.54371,2.18985,0.00375668,0.244289,2.45565,5.73557
24,open_loop,0,29.0849,29.0849,116.813,116.813,13.083,13.083,2.87314,-0.451076,0,49.4763,1.04361,851.517,2.01374,-3.04455,3.65026,1.35277,0.000728592,0.544675,2.44197,5.81956
24,pd_tvc,1,32.1199,32.1199,11.8017,9.12824,12.2502,12.2502,0.554318,0.978861,0,49.4763,1.04361,851.517,2.01374,-3.04455,3.65026,1.35277,0.000728592,0.544675,2.44197,5.81956
24,lqr_tvc,1,32.5118,32.5118,9.34553,7.58128,9.94019,9.94019,0.484674,0.986727,0,49.4763,1.04361,851.517,2.01374,-3.04455,3.65026,1.35277,0.000728592,0.544675,2.44197,5.81956
25,open_loop,0,8.60279,13.5694,177.775,57.4986,27.1094,27.1094,5.24521,-0.999246,0,49.3264,1.13963,855.179,-0.767825,0.950643,1.222,0.469659,0.00309443,0.444798,2.25985,5.16128
25,pd_tvc,1,33.6537,33.6537,4.25455,3.78144,4.65515,4.65515,0.192602,0.997244,0,49.3264,1.13963,855.179,-0.767825,0.950643,1.222,0.469659,0.00309443,0.444798,2.25985,5.16128
25,lqr_tvc,1,33.7094,33.7094,3.33716,3.09426,3.76944,3.76944,0.164592,0.998304,0,49.3264,1.13963,855.179,-0.767825,0.950643,1.222,0.469659,0.00309443,0.444798,2.25985,5.16128
26,open_loop,0,31.3119,31.3119,28.1202,28.1202,5.39413,5.39413,0.604407,0.881961,0,50.2161,0.984755,847.049,1.66209,-1.88469,2.51288,2.41398,6.99862e-05,0.288658,2.29072,5.78478
26,pd_tvc,1,27.9081,27.9081,21.3316,18.842,22.1779,22.1779,1.00546,0.931491,0,50.2161,0.984755,847.049,1.66209,-1.88469,2.51288,2.41398,6.99862e-05,0.288658,2.29072,5.78478
26,lqr_tvc,1,29.2362,29.2362,16.9175,15.2655,18.0743,18.0743,0.892105,0.956725,0,50.2161,0.984755,847.049,1.66209,-1.88469,2.51288,2.41398,6.99862e-05,0.288658,2.29072,5.78478
27,open_loop,0,8.58505,13.2036,179.265,86.8161,25.2916,25.2916,4.652,-0.999918,0,51.6892,1.09648,872.696,0.0425408,0.22694,0.230893,2.46773,0.00296853,0.243664,2.95154,4.22424
27,pd_tvc,1,27.4647,27.4647,22.883,20.1173,23.5649,23.5649,1.03688,0.921301,0,51.6892,1.09648,872.696,0.0425408,0.22694,0.230893,2.46773,0.00296853,0.243664,2.95154,4.22424
27,lqr_tvc,1,29.0092,29.0092,17.9199,16.3093,19.103,19.103,0.895422,0.951488,0,51.6892,1.09648,872.696,0.0425408,0.22694,0.230893,2.46773,0.00296853,0.243664,2.95154,4.22424
28,open_loop,0,-3.4838,7.7916,173.158,172.053,25.2743,25.2743,6.47048,-0.992878,0,49.0053,0.994942,871.901,2.96001,-6.46878,7.11384,0.785262,0.00573674,0.537626,2.43605,5.49942
28,pd_tvc,1,35.4647,35.4647,6.70053,5.23003,7.16381,7.16381,0.321089,0.99317,0,49.0053,0.994942,871.901,2.96001,-6.46878,7.11384,0.785262,0.00573674,0.537626,2.43605,5.49942
28,lqr_tvc,1,35.5931,35.5931,5.34218,4.33151,5.82515,5.82515,0.284156,0.995656,0,49.0053,0.994942,871.901,2.96001,-6.46878,7.11384,0.785262,0.00573674,0.537626,2.43605,5.49942
29,open_loop,0,0.324236,9.10301,173.572,53.3074,24.0816,24.0816,5.67548,-0.993714,0,52.4745,1.10401,875.481,3.71063,-4.06143,5.50127,1.69271,0.00477148,0.313517,3.08501,5.01372
29,pd_tvc,1,29.1054,29.1054,15.2597,12.349,15.098,15.098,0.699973,0.964743,0,52.4745,1.10401,875.481,3.71063,-4.06143,5.50127,1.69271,0.00477148,0.313517,3.08501,5.01372
29,lqr_tvc,1,29.7407,29.7407,11.9879,10.1527,12.1812,12.1812,0.603535,0.978191,0,52.4745,1.10401,875.481,3.71063,-4.06143,5.50127,1.69271,0.00477148,0.313517,3.08501,5.01372
30,open_loop,0,8.01455,11.6342,166.731,18.6758,23.6202,23.6202,7.36693,-0.973303,0,51.5429,0.956933,826.522,7.70909,-1.34981,7.82637,0.340669,0.0054798,0.475361,2.87905,4.88064
30,pd_tvc,1,27.9608,27.9608,1.71932,0.426544,0.727315,0.727315,0.0861838,0.99955,0,51.5429,0.956933,826.522,7.70909,-1.34981,7.82637,0.340669,0.0054798,0.475361,2.87905,4.88064
30,lqr_tvc,1,27.9643,27.9643,1.38622,0.35626,0.495176,0.495176,0.0770893,0.999707,0,51.5429,0.956933,826.522,7.70909,-1.34981,7.82637,0.340669,0.0054798,0.475361,2.87905,4.88064
31,open_loop,0,-13.4089,5.00843,179.531,169.101,24.9914,24.9914,6.06841,-0.999967,0,50.4896,0.879586,861.729,-7.22438,0.255023,7.22888,0.0754177,0.00375277,0.539964,3.14886,4.54403
31,pd_tvc,1,32.517,32.517,3.37345,3.37345,3.35358,3.35358,0.0918685,0.998267,0,50.4896,0.879586,861.729,-7.22438,0.255023,7.22888,0.0754177,0.00375277,0.539964,3.14886,4.54403
31,lqr_tvc,1,32.537,32.537,2.76721,2.76721,2.92551,2.92551,0.0838613,0.998834,0,50.4896,0.879586,861.729,-7.22438,0.255023,7.22888,0.0754177,0.00375277,0.539964,3.14886,4.54403
32,open_loop,0,-5.5942,7.25591,177.958,126.49,24.7156,24.7156,5.73283,-0.999365,0,50.0919,1.09623,864.975,-3.40247,3.86248,5.14739,1.10783,0.00476552,0.524472,2.95813,4.10312
32,pd_tvc,1,32.5069,32.5069,10.4581,9.37884,11.6357,11.6357,0.479353,0.983388,0,50.0919,1.09623,864.975,-3.40247,3.86248,5.14739,1.10783,0.00476552,0.524472,2.95813,4.10312
32,lqr_tvc,1,32.8443,32.8443,8.23568,7.75402,9.51628,9.51628,0.413971,0.989687,0,50.0919,1.09623,864.975,-3.40247,3.86248,5.14739,1.10783,0.00476552,0.524472,2.95813,4.10312
33,open_loop,1,31.3911,31.3911,14.5526,9.7712,3.97613,3.97613,0.548578,0.967917,0,51.0787,0.861522,862.213,5.33978,0.132899,5.34143,2.20029,0.00159762,0.469175,2.39252,5.98294
33,pd_tvc,1,28.9447,28.9447,18.9106,14.6589,19.14,19.14,0.938805,0.946025,0,51.0787,0.861522,862.213,5.33978,0.132899,5.34143,2.20029,0.00159762,0.469175,2.39252,5.98294
33,lqr_tvc,1,29.8982,29.8982,15.2381,12.1613,15.686,15.686,0.862531,0.964842,0,51.0787,0.861522,862.213,5.33978,0.132899,5.34143,2.20029,0.00159762,0.469175,2.39252,5.98294
34,open_loop,0,33.138,33.138,32.8154,32.8154,4.20475,4.20475,0.63588,0.840421,0,49.2365,0.92847,851.618,1.93933,0.444459,1.98961,1.72903,0.000547841,0.342429,2.50316,4.11476
34,pd_tvc,1,31.691,31.691,15.0813,12.8619,16.1687,16.1687,0.73158,0.965558,0,49.2365,0.92847,851.618,1.93933,0.444459,1.98961,1.72903,0.000547841,0.342429,2.50316,4.11476
34,lqr_tvc,1,32.3549,32.3549,12.0733,10.4984,13.2051,13.2051,0.659489,0.977881,0,49.2365,0.92847,851.618,1.93933,0.444459,1.98961,1.72903,0.000547841,0.342429,2.50316,4.11476
35,open_loop,0,30.8757,30.8757,49.9549,49.9549,9.17545,9.17545,0.868279,0.643391,0,49.2206,1.1232,836.019,3.33919,4.50031,5.60384,2.13819,0.00025739,0.22265,2.2957,4.82783
35,pd_tvc,1,29.3695,29.3695,18.774,16.4902,19.248,19.248,0.850354,0.946795,0,49.2206,1.1232,836.019,3.33919,4.50031,5.60384,2.13819,0.00025739,0.22265,2.2957,4.82783
35,lqr_tvc,1,30.3993,30.3993,14.6929,13.3391,15.521,15.521,0.729591,0.967299,0,49.2206,1.1232,836.019,3.33919,4.50031,5.60384,2.13819,0.00025739,0.22265,2.2957,4.82783
36,open_loop,0,-5.10942,6.81841,179.267,68.4312,22.963,22.963,5.41716,-0.999918,0,52.1466,0.973857,834.308,2.66401,0.379593,2.69092,2.00332,0.00478835,0.33305,1.91643,5.40728
36,pd_tvc,1,25.4451,25.4451,17.2627,15.3064,17.1363,17.1363,0.822248,0.954954,0,52.1466,0.973857,834.308,2.66401,0.379593,2.69092,2.00332,0.00478835,0.33305,1.91643,5.40728
36,lqr_tvc,1,26.2683,26.2683,13.7393,12.3982,13.9583,13.9583,0.731726,0.971386,0,52.1466,0.973857,834.308,2.66401,0.379593,2.69092,2.00332,0.00478835,0.33305,1.91643,5.40728
37,open_loop,0,-9.07113,5.93964,179.7,156.23,23.8051,23.8051,5.96541,-0.999986,0,50.5932,0.872094,858.719,0.267265,0.390176,0.472935,0.431009,0.00542099,0.167059,2.60427,4.10594
37,pd_tvc,1,32.058,32.058,3.75992,3.50739,4.10063,4.10063,0.186818,0.997848,0,50.5932,0.872094,858.719,0.267265,0.390176,0.472935,0.431009,0.00542099,0.167059,2.60427,4.10594
37,lqr_tvc,1,32.1,32.1,3.03305,2.82718,3.35604,3.35604,0.171055,0.998599,0,50.5932,0.872094,858.719,0.267265,0.390176,0.472935,0.431009,0.00542099,0.167059,2.60427,4.10594
38,open_loop,0,-6.56866,6.45337,173.778,40.7242,23.1344,23.1344,9.51861,-0.99411,0,49.512,0.886622,858.794,4.97401,-4.41144,6.64843,2.02712,0.00676733,0.488999,2.79883,4.53242
38,pd_tvc,1,31.5331,31.5331,17.1542,12.5674,17.5564,17.5564,0.846719,0.955514,0,49.512,0.886622,858.794,4.97401,-4.41144,6.64843,2.02712,0.00676733,0.488999,2.79883,4.53242
38,lqr_tvc,1,32.3189,32.3189,13.8023,10.5396,14.3541,14.3541,0.771676,0.971125,0,49.512,0.886622,858.794,4.97401,-4.41144,6.64843,2.02712,0.00676733,0.488999,2.79883,4.53242
39,open_loop,0,0.749319,10.0616,177.894,33.4913,25.3265,25.3265,5.24078,-0.999325,0,49.5542,1.11538,863.878,1.11325,1.6695,2.00663,1.88721,0.00454264,0.294866,2.5049,5.35393
39,pd_tvc,1,31.7574,31.7574,17.1731,14.7786,18.2676,18.2676,0.780975,0.955417,0,49.5542,1.11538,863.878,1.11325,1.6695,2.00663,1.88721,0.00454264,0.294866,2.5049,5.35393
39,lqr_tvc,1,32.6441,32.6441,13.4609,12.0323,14.7688,14.7688,0.671411,0.972529,0,49.5542,1.11538,863.878,1.11325,1.6695,2.00663,1.88721,0.00454264,0.294866,2.5049,5.35393
40,open_loop,0,32.9864,32.9864,68.4479,68.4479,9.02595,9.02595,1.53867,0.367346,0,47.5573,0.931276,835.073,3.70854,2.84573,4.67455,2.1108,0.000817228,0.333765,2.12979,5.46235
40,pd_tvc,1,32.0284,32.0284,18.0115,15.3814,19.3692,19.3692,0.869989,0.950994,0,47.5573,0.931276,835.073,3.70854,2.84573,4.67455,2.1108,0.000817228,0.333765,2.12979,5.46235
40,lqr_tvc,1,32.984,32.984,14.3966,12.5292,15.8005,15.8005,0.783563,0.968598,0,47.5573,0.931276,835.073,3.70854,2.84573,4.67455,2.1108,0.000817228,0.333765,2.12979,5.46235
41,open_loop,0,-3.3584,7.75081,179.341,55.9061,25.3118,25.3118,5.51478,-0.999934,0,50.9468,1.10945,840.407,0.736326,-0.382438,0.82972,0.011098,0.0049033,0.299127,3.01611,4.44884
41,pd_tvc,1,30.0437,30.0437,0.102139,0.102139,0.0568211,0.0568211,0.00398657,0.999998,0,50.9468,1.10945,840.407,0.736326,-0.382438,0.82972,0.011098,0.0049033,0.299127,3.01611,4.44884
41,lqr_tvc,1,30.0437,30.0437,0.0815391,0.0815391,0.0529371,0.0529371,0.00345486,0.999999,0,50.9468,1.10945,840.407,0.736326,-0.382438,0.82972,0.011098,0.0049033,0.299127,3.01611,4.44884
42,open_loop,0,28.9168,28.9168,69.6252,69.6252,10.4821,10.4821,1.29265,0.348161,0,50.8047,1.09371,851.287,3.20247,-3.83747,4.99819,1.33709,0.000939855,0.268161,2.66533,4.19972
42,pd_tvc,1,30.1211,30.1211,11.7306,9.95125,11.8433,11.8433,0.541106,0.979114,0,50.8047,1.09371,851.287,3.20247,-3.83747,4.99819,1.33709,0.000939855,0.268161,2.66533,4.19972
42,lqr_tvc,1,30.5076,30.5076,9.236,8.1022,9.54757,9.54757,0.46763,0.987036,0,50.8047,1.09371,851.287,3.20247,-3.83747,4.99819,1.33709,0.000939855,0.268161,2.66533,4.19972
43,open_loop,0,-9.11807,5.8907,179.161,78.1692,24.6016,24.6016,8.89175,-0.999893,0,48.3499,0.983296,837.494,-0.0125051,0.125095,0.125718,0.129457,0.00661326,0.544843,2.94589,5.58207
43,pd_tvc,1,33.7305,33.7305,1.11638,0.899011,1.20773,1.20773,0.0534405,0.99981,0,48.3499,0.983296,837.494,-0.0125051,0.125095,0.125718,0.129457,0.00661326,0.544843,2.94589,5.58207
43,lqr_tvc,1,33.7341,33.7341,0.890873,0.747143,0.98565,0.98565,0.0474367,0.999879,0,48.3499,0.983296,837.494,-0.0125051,0.125095,0.125718,0.129457,0.00661326,0.544843,2.94589,5.58207
44,open_loop,0,2.39898,9.77938,176.199,66.0628,25.4564,25.4564,4.91615,-0.9978,0,51.4955,0.926054,826.564,-2.00949,5.51906,5.87351,1.92923,0.00240166,0.38609,2.44847,4.03561
44,pd_tvc,1,25.7444,25.7444,16.6229,15.0942,17.0087,17.0087,0.802931,0.958208,0,51.4955,0.926054,826.564,-2.00949,5.51906,5.87351,1.92923,0.00240166,0.38609,2.44847,4.03561
44,lqr_tvc,1,26.5249,26.5249,13.293,12.2527,13.9489,13.9489,0.724252,0.973207,0,51.4955,0.926054,826.564,-2.00949,5.51906,5.87351,1.92923,0.00240166,0.38609,2.44847,4.03561
45,open_loop,0,-2.45696,8.18087,173.664,116.174,24.8367,24.8367,5.70753,-0.993893,0,48.9889,1.00472,848.584,3.51133,-6.50945,7.39611,0.921744,0.00538027,0.481604,1.87798,4.0413
45,pd_tvc,1,33.2391,33.2391,7.75327,6.33495,8.11135,8.11135,0.369533,0.990858,0,48.9889,1.00472,848.584,3.51133,-6.50945,7.39611,0.921744,0.00538027,0.481604,1.87798,4.0413
45,lqr_tvc,1,33.4103,33.4103,6.17234,5.18663,6.57056,6.57056,0.326201,0.994203,0,48.9889,1.00472,848.584,3.51133,-6.50945,7.39611,0.921744,0.00538027,0.481604,1.87798,4.0413
46,open_loop,0,29.213,29.213,54.4637,54.4637,8.84529,8.84529,0.940105,0.581219,0,51.3419,0.870473,854.212,5.72264,-3.1273,6.5214,0.113053,0.00034412,0.177568,2.46477,4.18431
46,pd_tvc,1,30.6669,30.6669,0.750267,0.456052,0.507215,0.507215,0.0383361,0.999914,0,51.3419,0.870473,854.212,5.72264,-3.1273,6.5214,0.113053,0.00034412,0.177568,2.46477,4.18431
46,lqr_tvc,1,30.6678,30.6678,0.610072,0.367321,0.417796,0.417796,0.0351332,0.999943,0,51.3419,0.870473,854.212,5.72264,-3.1273,6.5214,0.113053,0.00034412,0.177568,2.46477,4.18431
47,open_loop,0,-6.19,6.29473,177.723,149.447,23.2195,23.2195,7.38775,-0.99921,0,50.8031,0.912127,841.26,2.41723,-1.18967,2.69412,1.95619,0.00549898,0.443089,3.05244,4.21736
47,pd_tvc,1,28.1119,28.1119,16.7454,13.2257,16.8848,16.8848,0.817355,0.957594,0,50.8031,0.912127,841.26,2.41723,-1.18967,2.69412,1.95619,0.00549898,0.443089,3.05244,4.21736
47,lqr_tvc,1,28.8649,28.8649,13.4282,10.9674,13.8224,13.8224,0.739995,0.972662,0,50.8031,0.912127,841.26,2.41723,-1.18967,2.69412,1.95619,0.00549898,0.443089,3.05244,4.21736
48,open_loop,0,-3.98194,7.53663,179.45,111.233,23.7331,23.7331,5.64761,-0.999954,0,49.0666,1.04765,830.286,2.26741,0.451392,2.31191,1.81123,0.00555494,0.255925,3.17175,5.84959
48,pd_tvc,1,29.9792,29.9792,15.6152,13.2685,16.0584,16.0584,0.728416,0.963091,0,49.0666,1.04765,830.286,2.26741,0.451392,2.31191,1.81123,0.00555494,0.255925,3.17175,5.84959
48,lqr_tvc,1,30.6735,30.6735,12.3408,10.8232,13.0144,13.0144,0.63626,0.976894,0,49.0666,1.04765,830.286,2.26741,0.451392,2.31191,1.81123,0.00555494,0.255925,3.17175,5.84959
49,open_loop,0,-2.20301,8.71113,176.745,30.2138,25.8553,25.8553,5.17317,-0.998387,0,49.0849,1.05762,833.539,-1.47452,-3.69987,3.98287,0.545279,0.00436293,0.26412,2.93232,4.91025
49,pd_tvc,1,32.0056,32.0056,4.80847,4.51233,5.31398,5.31398,0.22371,0.99648,0,49.0849,1.05762,833.539,-1.47452,-3.69987,3.98287,0.545279,0.00436293,0.26412,2.93232,4.91025
49,lqr_tvc,1,32.077,32.077,3.80433,3.66473,4.33912,4.33912,0.194925,0.997796,0,49.0849,1.05762,833.539,-1.47452,-3.69987,3.98287,0.545279,0.00436293,0.26412,2.93232,4.91025
50,open_loop,0,-1.15864,9.25066,179.235,45.8311,25.7078,25.7078,5.26221,-0.999911,0,49.802,1.10222,864.922,-0.449472,-0.305631,0.54354,0.976957,0.00463346,0.291457,2.66046,5.25993
50,pd_tvc,1,33.2694,33.2694,8.86444,7.83811,9.61942,9.61942,0.406575,0.988056,0,49.802,1.10222,864.922,-0.449472,-0.305631,0.54354,0.976957,0.00463346,0.291457,2.66046,5.25993
50,lqr_tvc,1,33.5086,33.5086,6.97602,6.37762,7.78699,7.78699,0.350684,0.992597,0,49.802,1.10222,864.922,-0.449472,-0.305631,0.54354,0.976957,0.00463346,0.291457,2.66046,5.25993
51,open_loop,0,34.8666,34.8666,61.3346,61.3346,5.73418,5.73418,1.52772,0.479694,0,48.123,1.08771,857.92,0.518811,0.0728808,0.523905,2.11278,0.000489175,0.525442,1.85921,5.83521
51,pd_tvc,1,32.8531,32.8531,19.1038,15.8985,20.7945,20.7945,0.873978,0.944927,0,48.123,1.08771,857.92,0.518811,0.0728808,0.523905,2.11278,0.000489175,0.525442,1.85921,5.83521
51,lqr_tvc,1,33.9705,33.9705,15.0054,13.0619,16.8662,16.8662,0.756269,0.965901,0,48.123,1.08771,857.92,0.518811,0.0728808,0.523905,2.11278,0.000489175,0.525442,1.85921,5.83521
52,open_loop,0,28.0913,28.0913,134.546,134.546,22.7494,22.7494,2.23736,-0.70148,0,47.5601,0.850505,868.977,-1.40088,-4.91866,5.11426,0.0612166,0.00103767,0.151935,2.2269,4.97014
52,pd_tvc,1,37.9775,37.9775,0.810858,0.810858,1.0316,1.0316,0.0292132,0.9999,0,47.5601,0.850505,868.977,-1.40088,-4.91866,5.11426,0.0612166,0.00103767,0.151935,2.2269,4.97014
52,lqr_tvc,1,37.9792,37.9792,0.654716,0.654716,0.904325,0.904325,0.026928,0.999935,0,47.5601,0.850505,868.977,-1.40088,-4.91866,5.11426,0.0612166,0.00103767,0.151935,2.2269,4.97014
53,open_loop,0,4.09202,11.3459,173.463,25.8753,25.7855,25.7855,5.0541,-0.993498,0,49.5351,0.942113,846.175,2.96806,7.39526,7.96864,2.05226,0.00331191,0.25259,3.01189,4.65106
53,pd_tvc,1,30.0617,30.0617,17.7263,15.3567,18.5185,18.5185,0.852121,0.952522,0,49.5351,0.942113,846.175,2.96806,7.39526,7.96864,2.05226,0.00331191,0.25259,3.01189,4.65106
53,lqr_tvc,1,30.9603,30.9603,14.1498,12.5008,15.0969,15.0969,0.765014,0.96966,0,49.5351,0.942113,846.175,2.96806,7.39526,7.96864,2.05226,0.00331191,0.25259,3.01189,4.65106
54,open_loop,0,25.5491,25.5491,122.213,122.213,19.998,19.998,2.15464,-0.533069,0,48.7283,0.924698,842.205,4.52373,-1.56946,4.78825,1.0208,0.00168946,0.207322,1.85449,4.95382
54,pd_tvc,1,32.9302,32.9302,8.66521,7.74325,9.22,9.22,0.423289,0.988586,0,48.7283,0.924698,842.205,4.52373,-1.56946,4.78825,1.0208,0.00168946,0.207322,1.85449,4.95382
54,lqr_tvc,1,33.1497,33.1497,6.95485,6.24656,7.48282,7.48282,0.382017,0.992642,0,48.7283,0.924698,842.205,4.52373,-1.56946,4.78825,1.0208,0.00168946,0.207322,1.85449,4.95382
55,open_loop,0,-10.0973,5.81584,179.504,129.499,23.9632,23.9632,7.23947,-0.999962,0,47.8071,0.894714,832.463,-4.27892,-1.44594,4.51662,1.35941,0.0052716,0.521497,2.99523,5.42394
55,pd_tvc,1,32.7681,32.7681,12.0479,11.0693,13.833,13.833,0.588909,0.977973,0,47.8071,0.894714,832.463,-4.27892,-1.44594,4.51662,1.35941,0.0052716,0.521497,2.99523,5.42394
55,lqr_tvc,1,33.2188,33.2188,9.67405,9.12609,11.4407,11.4407,0.535542,0.98578,0,47.8071,0.894714,832.463,-4.27892,-1.44594,4.51662,1.35941,0.0052716,0.521497,2.99523,5.42394
56,open_loop,0,14.8189,15.8155,171.783,161.497,23.3001,23.3001,3.81688,-0.989734,0,50.4132,0.923142,820.413,-1.50006,4.24311,4.50046,0.481402,0.00126109,0.454603,2.48648,5.75258
56,pd_tvc,1,28.8848,28.8848,4.17469,4.03396,4.54205,4.54205,0.202676,0.997347,0,50.4132,0.923142,820.413,-1.50006,4.24311,4.50046,0.481402,0.00126109,0.454603,2.48648,5.75258
56,lqr_tvc,1,28.9366,28.9366,3.3474,3.29014,3.74693,3.74693,0.182971,0.998294,0,50.4132,0.923142,820.413,-1.50006,4.24311,4.50046,0.481402,0.00126109,0.454603,2.48648,5.75258
57,open_loop,0,-7.5027,5.67624,177.616,112.386,23.5824,23.5824,5.81293,-0.999135,0,52.3224,1.07447,821.078,2.35121,-1.73558,2.9224,0.0994787,0.00584699,0.489558,1.92791,5.47023
57,pd_tvc,1,26.4381,26.4381,0.735397,0.446363,0.574076,0.574076,0.0353817,0.999918,0,52.3224,1.07447,821.078,2.35121,-1.73558,2.9224,0.0994787,0.00584699,0.489558,1.92791,5.47023
57,lqr_tvc,1,26.4393,26.4393,0.582627,0.363521,0.451771,0.451771,0.0307334,0.999948,0,52.3224,1.07447,821.078,2.35121,-1.73558,2.9224,0.0994787,0.00584699,0.489558,1.92791,5.47023
58,open_loop,0,-6.89627,7.27993,179.077,129.002,25.8049,25.8049,5.5359,-0.99987,0,49.062,0.857394,878.673,-5.16909,-4.55631,6.89053,0.564333,0.00362263,0.398514,2.65527,5.07147
58,pd_tvc,1,36.0109,36.0109,5.93174,5.93174,7.21106,7.21106,0.27742,0.994646,0,49.062,0.857394,878.673,-5.16909,-4.55631,6.89053,0.564333,0.00362263,0.398514,2.65527,5.07147
58,lqr_tvc,1,36.1206,36.1206,4.84764,4.84764,6.04205,6.04205,0.255192,0.996423,0,49.062,0.857394,878.673,-5.16909,-4.55631,6.89053,0.564333,0.00362263,0.398514,2.65527,5.07147
59,open_loop,0,34.4963,34.4963,88.1458,88.1458,5.39361,5.39361,3.18857,0.032357,0,49.4756,0.940814,877.507,6.88816,-0.362085,6.89767,1.89751,0.00258985,0.47478,3.14077,4.58163
59,pd_tvc,1,33.7299,33.7299,16.0033,10.2686,15.8498,15.8498,0.781514,0.961246,0,49.4756,0.940814,877.507,6.88816,-0.362085,6.89767,1.89751,0.00258985,0.47478,3.14077,4.58163
59,lqr_tvc,1,34.3779,34.3779,12.8259,8.79267,12.8644,12.8644,0.701991,0.975049,0,49.4756,0.940814,877.507,6.88816,-0.362085,6.89767,1.89751,0.00258985,0.47478,3.14077,4.58163
60,open_loop,0,16.3561,17.8713,171.254,105.814,24.7426,24.7426,5.29718,-0.988372,0,48.2636,0.916343,840.678,1.19212,-2.37017,2.65308,1.10244,0.00206109,0.397243,2.36535,4.76124
60,pd_tvc,1,33.4049,33.4049,9.42425,8.01214,10.261,10.261,0.461196,0.986503,0,48.2636,0.916343,840.678,1.19212,-2.37017,2.65308,1.10244,0.00206109,0.397243,2.36535,4.76124
60,lqr_tvc,1,33.6662,33.6662,7.56804,6.54693,8.38186,8.38186,0.417103,0.991289,0,48.2636,0.916343,840.678,1.19212,-2.37017,2.65308,1.10244,0.00206109,0.397243,2.36535,4.76124
61,open_loop,0,-1.96238,8.59286,179.072,78.8061,24.8758,24.8758,5.57135,-0.999869,0,50.4787,0.869435,867.224,-0.760239,-0.155723,0.776024,1.1506,0.00376476,0.303606,2.78481,5.05534
61,pd_tvc,1,32.1773,32.1773,10.2115,9.26145,11.2779,11.2779,0.504658,0.98416,0,50.4787,0.869435,867.224,-0.760239,-0.155723,0.776024,1.1506,0.00376476,0.303606,2.78481,5.05534
61,lqr_tvc,1,32.4899,32.4899,8.22414,7.5257,9.2607,9.2607,0.462416,0.989716,0,50.4787,0.869435,867.224,-0.760239,-0.155723,0.776024,1.1506,0.00376476,0.303606,2.78481,5.05534
62,open_loop,0,-9.5419,5.44474,177.763,146.988,22.8364,22.8364,7.04612,-0.999238,0,52.195,0.907925,864.106,2.52286,2.7786,3.75306,1.54752,0.00600389,0.37597,1.993,4.26845
62,pd_tvc,1,28.7805,28.7805,13.5979,11.8658,14.0598,14.0598,0.664974,0.97197,0,52.195,0.907925,864.106,2.52286,2.7786,3.75306,1.54752,0.00600389,0.37597,1.993,4.26845
62,lqr_tvc,1,29.3015,29.3015,10.9145,9.64375,11.4887,11.4887,0.602678,0.981911,0,52.195,0.907925,864.106,2.52286,2.7786,3.75306,1.54752,0.00600389,0.37597,1.993,4.26845
63,open_loop,0,-0.701551,8.55475,179.449,5.4368,24.8706,24.8706,5.3517,-0.999954,0,51.7197,1.02658,829.789,0.0361266,-0.105898,0.111891,1.18755,0.0038201,0.409136,2.08914,4.15155
63,pd_tvc,1,27.1735,27.1735,10.2322,9.0824,10.3228,10.3228,0.481151,0.984096,0,51.7197,1.02658,829.789,0.0361266,-0.105898,0.111891,1.18755,0.0038201,0.409136,2.08914,4.15155
63,lqr_tvc,1,27.4677,27.4677,8.11644,7.37952,8.38743,8.38743,0.422452,0.989983,0,51.7197,1.02658,829.789,0.0361266,-0.105898,0.111891,1.18755,0.0038201,0.409136,2.08914,4.15155
64,open_loop,0,33.3381,33.3381,37.7231,37.7231,4.40321,4.40321,1.29278,0.790977,0,49.0479,0.897152,850.525,3.68556,0.712992,3.75389,1.93728,0.00105066,0.545791,2.26442,5.56513
64,pd_tvc,1,31.5784,31.5784,16.5837,12.6846,17.374,17.374,0.815784,0.958404,0,49.0479,0.897152,850.525,3.68556,0.712992,3.75389,1.93728,0.00105066,0.545791,2.26442,5.56513
64,lqr_tvc,1,32.341,32.341,13.3279,10.5489,14.2203,14.2203,0.741438,0.973067,0,49.0479,0.897152,850.525,3.68556,0.712992,3.75389,1.93728,0.00105066,0.545791,2.26442,5.56513
65,open_loop,0,15.8541,17.6815,178.757,115.482,25.7036,25.7036,4.80879,-0.999765,0,48.65,1.06953,855.542,1.23728,-0.319692,1.27791,1.45219,0.00249663,0.284399,2.79988,4.42908
65,pd_tvc,1,33.5008,33.5008,12.9414,11.042,13.9574,13.9574,0.600525,0.9746,0,48.65,1.06953,855.542,1.23728,-0.319692,1.27791,1.45219,0.00249663,0.284399,2.79988,4.42908
65,lqr_tvc,1,34.003,34.003,10.2115,9.00734,11.3022,11.3022,0.521853,0.98416,0,48.65,1.06953,855.542,1.23728,-0.319692,1.27791,1.45219,0.00249663,0.284399,2.79988,4.42908
66,open_loop,0,-6.07936,6.80881,179.696,160.199,23.9583,23.9583,6.9582,-0.999986,0,48.8584,0.934626,848.254,5.41101,0.175027,5.41384,1.4745,0.0062386,0.248774,2.53275,4.77998
66,pd_tvc,1,32.6349,32.6349,12.5446,10.6001,13.0893,13.0893,0.610464,0.976127,0,48.8584,0.934626,848.254,5.41101,0.175027,5.41384,1.4745,0.0062386,0.248774,2.53275,4.77998
66,lqr_tvc,1,33.0793,33.0793,10.0528,8.62407,10.6188,10.6188,0.549325,0.984647,0,48.8584,0.934626,848.254,5.41101,0.175027,5.41384,1.4745,0.0062386,0.248774,2.53275,4.77998
67,open_loop,0,26.2115,26.2115,126.739,126.739,18.2622,18.2622,3.69928,-0.598175,0,50.5564,0.917631,864.95,5.82062,-1.66493,6.05406,0.64703,0.00246216,0.374366,2.76403,5.22534
67,pd_tvc,1,32.6044,32.6044,5.13864,3.41433,4.74719,4.74719,0.255605,0.995981,0,50.5564,0.917631,864.95,5.82062,-1.66493,6.05406,0.64703,0.00246216,0.374366,2.76403,5.22534
67,lqr_tvc,1,32.6679,32.6679,4.14416,2.8192,3.79046,3.79046,0.231109,0.997385,0,50.5564,0.917631,864.95,5.82062,-1.66493,6.05406,0.64703,0.00246216,0.374366,2.76403,5.22534
68,open_loop,0,-2.30461,8.31763,176.874,61.2223,24.4058,24.4058,5.42311,-0.998512,0,51.9187,0.881291,872.878,1.64872,-2.58195,3.06345,1.46798,0.00388895,0.21043,3.05724,4.50578
68,pd_tvc,1,30.0204,30.0204,13.0509,11.7196,13.7946,13.7946,0.643513,0.97417,0,51.9187,0.881291,872.878,1.64872,-2.58195,3.06345,1.46798,0.00388895,0.21043,3.05724,4.50578
68,lqr_tvc,1,30.5097,30.5097,10.5002,9.48816,11.2875,11.2875,0.587444,0.983254,0,51.9187,0.881291,872.878,1.64872,-2.58195,3.06345,1.46798,0.00388895,0.21043,3.05724,4.50578
69,open_loop,0,-5.64449,6.80602,177.161,47.7366,23.9693,23.9693,5.21505,-0.998773,0,51.7532,0.886058,829.766,0.794265,-3.42061,3.51161,0.824563,0.00418478,0.20898,2.55051,5.40483
69,pd_tvc,1,27.5676,27.5676,6.95197,6.42797,7.11727,7.11727,0.343435,0.992648,0,51.7532,0.886058,829.766,0.794265,-3.42061,3.51161,0.824563,0.00418478,0.20898,2.55051,5.40483
69,lqr_tvc,1,27.7028,27.7028,5.59882,5.18605,5.8205,5.8205,0.313051,0.995229,0,51.7532,0.886058,829.766,0.794265,-3.42061,3.51161,0.824563,0.00418478,0.20898,2.55051,5.40483
70,open_loop,0,19.4771,20.5521,175.41,127.971,24.9824,24.9824,4.38365,-0.996792,0,47.6581,0.925826,865.958,-0.53656,-2.08564,2.15355,1.8844,0.00177886,0.254938,2.67628,5.66318
70,pd_tvc,1,34.897,34.897,16.8905,15.1955,19.3585,19.3585,0.814425,0.956862,0,47.6581,0.925826,865.958,-0.53656,-2.08564,2.15355,1.8844,0.00177886,0.254938,2.67628,5.66318
70,lqr_tvc,1,35.8011,35.8011,13.4996,12.3189,15.8407,15.8407,0.734663,0.972371,0,47.6581,0.925826,865.958,-0.53656,-2.08564,2.15355,1.8844,0.00177886,0.254938,2.67628,5.66318
71,open_loop,0,3.5017,10.6402,176.949,15.2201,25.1024,25.1024,5.40731,-0.998583,0,51.052,0.877324,850.122,3.16161,-1.61431,3.5499,1.79403,0.00320208,0.247378,2.54903,5.52641
71,pd_tvc,1,28.7515,28.7515,15.5019,13.7469,16.0686,16.0686,0.764459,0.963622,0,51.052,0.877324,850.122,3.16161,-1.61431,3.5499,1.79403,0.00320208,0.247378,2.54903,5.52641
71,lqr_tvc,1,29.4285,29.4285,12.4693,11.1376,13.1459,13.1459,0.698738,0.976412,0,51.052,0.877324,850.122,3.16161,-1.61431,3.5499,1.79403,0.00320208,0.247378,2.54903,5.52641
72,open_loop,0,-5.68893,6.90684,175.06,167.444,25.105,25.105,6.73394,-0.996285,0,49.3375,0.863063,856.288,2.52692,-4.42191,5.093,0.193421,0.00523295,0.32253,2.81004,4.38524
72,pd_tvc,1,33.8682,33.8682,1.52623,1.36631,1.62848,1.62848,0.0771806,0.999645,0,49.3375,0.863063,856.288,2.52692,-4.42191,5.093,0.193421,0.00523295,0.32253,2.81004,4.38524
72,lqr_tvc,1,33.8747,33.8747,1.23753,1.11153,1.34773,1.34773,0.070891,0.999767,0,49.3375,0.863063,856.288,2.52692,-4.42191,5.093,0.193421,0.00523295,0.32253,2.81004,4.38524
73,open_loop,0,2.26105,10.1294,177.234,58.5721,26.1405,26.1405,4.85737,-0.998835,0,50.5748,0.872588,831.392,-0.650951,7.37266,7.40134,2.30218,0.00231904,0.298332,2.88384,4.50066
73,pd_tvc,1,26.477,26.477,19.798,17.8004,20.5453,20.5453,0.969802,0.940893,0,50.5748,0.872588,831.392,-0.650951,7.37266,7.40134,2.30218,0.00231904,0.298332,2.88384,4.50066
73,lqr_tvc,1,27.5908,27.5908,15.884,14.4408,16.8958,16.8958,0.887695,0.961818,0,50.5748,0.872588,831.392,-0.650951,7.37266,7.40134,2.30218,0.00231904,0.298332,2.88384,4.50066
74,open_loop,0,-8.16486,5.89723,178.928,73.2037,23.4826,23.4826,9.00953,-0.999825,0,48.8004,0.862705,826.815,5.31888,0.696129,5.36424,1.19411,0.0066075,0.39703,2.40236,5.3882
74,pd_tvc,1,31.33,31.33,9.58232,7.45592,9.62351,9.62351,0.481332,0.986047,0,48.8004,0.862705,826.815,5.31888,0.696129,5.36424,1.19411,0.0066075,0.39703,2.40236,5.3882
74,lqr_tvc,1,31.5717,31.5717,7.75503,6.12204,7.82994,7.82994,0.442105,0.990854,0,48.8004,0.862705,826.815,5.31888,0.696129,5.36424,1.19411,0.0066075,0.39703,2.40236,5.3882
75,open_loop,0,-10.0778,5.79817,179.733,68.43,23.8204,23.8204,8.64866,-0.999989,0,48.6736,0.964422,858.4,-0.288357,0.152232,0.326074,1.00802,0.00689627,0.39849,2.97742,5.80774
75,pd_tvc,1,34.4454,34.4454,8.92791,7.57768,9.90598,9.90598,0.428367,0.987884,0,48.6736,0.964422,858.4,-0.288357,0.152232,0.326074,1.00802,0.00689627,0.39849,2.97742,5.80774
75,lqr_tvc,1,34.6857,34.6857,7.12969,6.23153,8.09063,8.09063,0.382176,0.992268,0,48.6736,0.964422,858.4,-0.288357,0.152232,0.326074,1.00802,0.00689627,0.39849,2.97742,5.80774
76,open_loop,0,4.17894,11.7021,179.066,3.46511,26.8613,26.8613,5.33134,-0.999867,0,48.181,0.964853,849.182,-0.496743,-0.340814,0.602419,0.75511,0.00332476,0.379546,2.14411,4.04432
76,pd_tvc,1,34.7032,34.7032,6.61793,5.93559,7.4411,7.4411,0.317542,0.993337,0,48.181,0.964853,849.182,-0.496743,-0.340814,0.602419,0.75511,0.00332476,0.379546,2.14411,4.04432
76,lqr_tvc,1,34.8387,34.8387,5.28613,4.83131,6.07297,6.07297,0.283264,0.995747,0,48.181,0.964853,849.182,-0.496743,-0.340814,0.602419,0.75511,0.00332476,0.379546,2.14411,4.04432
77,open_loop,0,16.8417,17.8437,178.921,159.568,23.5344,23.5344,3.49777,-0.999823,0,49.4537,1.04165,842.99,-4.77065,2.20179,5.25423,1.72465,0.000867089,0.392444,2.76666,5.46374
77,pd_tvc,1,30.3445,30.3445,15.5749,14.259,17.0075,17.0075,0.725632,0.96328,0,49.4537,1.04165,842.99,-4.77065,2.20179,5.25423,1.72465,0.000867089,0.392444,2.76666,5.46374
77,lqr_tvc,1,31.0847,31.0847,12.319,11.626,13.9105,13.9105,0.634688,0.976975,0,49.4537,1.04165,842.99,-4.77065,2.20179,5.25423,1.72465,0.000867089,0.392444,2.76666,5.46374
78,open_loop,0,10.1648,13.7537,175.066,96.2554,25.797,25.797,4.89976,-0.996294,0,50.7635,0.896668,852.061,6.35724,2.43008,6.80586,1.35241,0.0029902,0.239501,1.8134,4.1938
78,pd_tvc,1,30.2539,30.2539,11.4982,10.1948,11.7944,11.7944,0.5662,0.979931,0,50.7635,0.896668,852.061,6.35724,2.43008,6.80586,1.35241,0.0029902,0.239501,1.8134,4.1938
78,lqr_tvc,1,30.624,30.624,9.24927,8.23976,9.58649,9.58649,0.51466,0.986998,0,50.7635,0.896668,852.061,6.35724,2.43008,6.80586,1.35241,0.0029902,0.239501,1.8134,4.1938
79,open_loop,0,4.05853,10.5531,171.685,164.84,24.7219,24.7219,6.79224,-0.989488,0,47.9318,0.926935,863.492,3.75569,2.74368,4.65113,1.82744,0.00466912,0.529548,2.98354,5.98457
79,pd_tvc,1,34.8501,34.8501,15.7368,10.8114,16.6399,16.6399,0.768586,0.962518,0,47.9318,0.926935,863.492,3.75569,2.74368,4.65113,1.82744,0.00466912,0.529548,2.98354,5.98457
79,lqr_tvc,1,35.5308,35.5308,12.6188,9.18356,13.5892,13.5892,0.693183,0.975845,0,47.9318,0.926935,863.492,3.75569,2.74368,4.65113,1.82744,0.00466912,0.529548,2.98354,5.98457
80,open_loop,0,-8.31085,5.79307,178.224,162.766,23.0732,23.0732,6.72095,-0.99952,0,49.9073,1.03796,825.475,-0.482409,1.34827,1.43197,1.61513,0.00634926,0.501272,2.84127,4.46019
80,pd_tvc,1,28.6593,28.6593,13.9326,11.6069,14.2959,14.2959,0.650373,0.97058,0,49.9073,1.03796,825.475,-0.482409,1.34827,1.43197,1.61513,0.00634926,0.501272,2.84127,4.46019
80,lqr_tvc,1,29.2082,29.2082,11.0259,9.58258,11.6386,11.6386,0.569382,0.981541,0,49.9073,1.03796,825.475,-0.482409,1.34827,1.43197,1.61513,0.00634926,0.501272,2.84127,4.46019
81,open_loop,0,-8.34195,5.59618,179.443,152.658,22.3734,22.3734,7.06595,-0.999953,0,52.0947,1.10558,847.181,1.02013,0.376883,1.08752,2.38211,0.0067374,0.531467,2.89215,4.7583
81,pd_tvc,1,25.5355,25.5355,21.3152,16.5537,20.7425,20.7425,0.968508,0.931595,0,52.0947,1.10558,847.181,1.02013,0.376883,1.08752,2.38211,0.0067374,0.531467,2.89215,4.7583
81,lqr_tvc,1,26.7618,26.7618,16.6954,13.8399,16.8423,16.8423,0.834692,0.957846,0,52.0947,1.10558,847.181,1.02013,0.376883,1.08752,2.38211,0.0067374,0.531467,2.89215,4.7583
82,open_loop,0,4.55663,12.3694,179.824,43.7377,27.7439,27.7439,4.58937,-0.999995,0,49.0618,1.0082,875.573,-3.88589,0.240535,3.89333,1.57816,0.00303466,0.310212,1.95237,5.64055
82,pd_tvc,1,34.1204,34.1204,14.5299,13.6113,16.6311,16.6311,0.683271,0.968017,0,49.0618,1.0082,875.573,-3.88589,0.240535,3.89333,1.57816,0.00303466,0.310212,1.95237,5.64055
82,lqr_tvc,1,34.8001,34.8001,11.5303,10.9997,13.5747,13.5747,0.602608,0.979819,0,49.0618,1.0082,875.573,-3.88589,0.240535,3.89333,1.57816,0.00303466,0.310212,1.95237,5.64055
83,open_loop,0,10.0558,14.2158,168.526,77.3253,27.3411,27.3411,4.94174,-0.980017,0,48.8622,1.04337,846.015,2.56541,-6.54659,7.0313,0.0302814,0.00285184,0.476418,2.04499,5.87327
83,pd_tvc,1,33.6801,33.6801,1.69003,1.69003,1.55632,1.55632,0.0289458,0.999565,0,48.8622,1.04337,846.015,2.56541,-6.54659,7.0313,0.0302814,0.00285184,0.476418,2.04499,5.87327
83,lqr_tvc,1,33.684,33.684,1.36786,1.36786,1.37876,1.37876,0.0252689,0.999715,0,48.8622,1.04337,846.015,2.56541,-6.54659,7.0313,0.0302814,0.00285184,0.476418,2.04499,5.87327
84,open_loop,0,19.8516,19.9337,177.528,177.528,19.8187,19.8187,3.78609,-0.999069,0,49.5421,0.973875,821.673,0.82499,4.47792,4.55328,2.16841,0.000732929,0.515417,2.98089,5.38119
84,pd_tvc,1,27.7237,27.7237,18.4283,14.675,18.6668,18.6668,0.876426,0.94872,0,49.5421,0.973875,821.673,0.82499,4.47792,4.55328,2.16841,0.000732929,0.515417,2.98089,5.38119
84,lqr_tvc,1,28.6563,28.6563,14.6605,12.2112,15.2604,15.2604,0.779884,0.967443,0,49.5421,0.973875,821.673,0.82499,4.47792,4.55328,2.16841,0.000732929,0.515417,2.98089,5.38119
85,open_loop,0,7.11876,12.6624,179.009,91.825,26.6633,26.6633,4.22221,-0.99985,0,50.875,1.13518,864.886,-2.43791,0.483044,2.4853,1.81163,0.00309131,0.232129,2.73575,5.72881
85,pd_tvc,1,29.9357,29.9357,16.6614,15.1636,17.6734,17.6734,0.751573,0.958016,0,50.875,1.13518,864.886,-2.43791,0.483044,2.4853,1.81163,0.00309131,0.232129,2.73575,5.72881
85,lqr_tvc,1,30.7796,30.7796,13.0357,12.2558,14.3038,14.3038,0.642911,0.97423,0,50.875,1.13518,864.886,-2.43791,0.483044,2.4853,1.81163,0.00309131,0.232129,2.73575,5.72881
86,open_loop,0,-2.72073,8.6489,179.341,34.923,25.1911,25.1911,5.07889,-0.999934,0,49.2148,1.08966,841.681,-1.7963,-0.0520101,1.79706,1.39225,0.00476913,0.316959,2.09328,4.82649
86,pd_tvc,1,31.4367,31.4367,12.3417,11.2545,13.3123,13.3123,0.566543,0.97689,0,49.2148,1.08966,841.681,-1.7963,-0.0520101,1.79706,1.39225,0.00476913,0.316959,2.09328,4.82649
86,lqr_tvc,1,31.9022,31.9022,9.71726,9.11454,10.7941,10.7941,0.490012,0.985653,0,49.2148,1.08966,841.681,-1.7963,-0.0520101,1.79706,1.39225,0.00476913,0.316959,2.09328,4.82649
87,open_loop,0,26.8216,26.8216,61.1511,61.1511,9.51764,9.51764,0.948913,0.482501,0,50.8938,1.14065,825.696,2.60077,3.3562,4.24595,1.57475,0.00102763,0.230388,2.46506,5.24866
87,pd_tvc,1,27.3817,27.3817,13.6112,11.9475,13.4159,13.4159,0.616912,0.971915,0,50.8938,1.14065,825.696,2.60077,3.3562,4.24595,1.57475,0.00102763,0.230388,2.46506,5.24866
87,lqr_tvc,1,27.8991,27.8991,10.6544,9.67407,10.8015,10.8015,0.52715,0.98276,0,50.8938,1.14065,825.696,2.60077,3.3562,4.24595,1.57475,0.00102763,0.230388,2.46506,5.24866
88,open_loop,0,-6.37366,6.09948,174.502,168.876,23.9358,23.9358,6.33794,-0.995399,0,51.6817,0.888474,839.028,2.17879,3.24436,3.90806,0.416279,0.00507318,0.422873,2.89329,4.64073
88,pd_tvc,1,28.7833,28.7833,3.38378,2.64198,3.28572,3.28572,0.169042,0.998257,0,51.6817,0.888474,839.028,2.17879,3.24436,3.90806,0.416279,0.00507318,0.422873,2.89329,4.64073
88,lqr_tvc,1,28.8126,28.8126,2.73381,2.16455,2.67265,2.67265,0.153997,0.998862,0,51.6817,0.888474,839.028,2.17879,3.24436,3.90806,0.416279,0.00507318,0.422873,2.89329,4.64073
89,open_loop,0,5.7578,11.5033,177.075,17.9097,25.7301,25.7301,5.91262,-0.998697,0,49.2425,0.962994,820.315,1.34261,0.86086,1.59489,0.607995,0.00312697,0.35473,3.08594,5.7779
89,pd_tvc,1,30.5696,30.5696,5.05053,4.09884,5.13611,5.13611,0.245127,0.996117,0,49.2425,0.962994,820.315,1.34261,0.86086,1.59489,0.607995,0.00312697,0.35473,3.08594,5.7779
89,lqr_tvc,1,30.6394,30.6394,4.04231,3.35664,4.17173,4.17173,0.218837,0.997512,0,49.2425,0.962994,820.315,1.34261,0.86086,1.59489,0.607995,0.00312697,0.35473,3.08594,5.7779
90,open_loop,0,18.8504,18.8504,132.066,132.066,17.1385,17.1385,2.07665,-0.669989,0,52.3499,0.951827,823.788,-4.12331,1.63448,4.43544,2.1874,0.000674406,0.348399,2.45813,5.82836
90,pd_tvc,1,23.6882,23.6882,18.924,17.6318,19.0218,19.0218,0.904327,0.94595,0,52.3499,0.951827,823.788,-4.12331,1.63448,4.43544,2.1874,0.000674406,0.348399,2.45813,5.82836
90,lqr_tvc,1,24.6978,24.6978,15.0794,14.2385,15.584,15.584,0.809646,0.965566,0,52.3499,0.951827,823.788,-4.12331,1.63448,4.43544,2.1874,0.000674406,0.348399,2.45813,5.82836
91,open_loop,0,4.68197,10.6761,171.221,58.3898,25.469,25.469,5.38262,-0.988286,0,51.2146,1.11586,827.201,2.87164,-6.46374,7.07292,1.30939,0.00333758,0.488445,3.00307,4.07214
91,pd_tvc,1,27.6102,27.6102,10.9524,8.52693,10.4863,10.4863,0.502633,0.981786,0,51.2146,1.11586,827.201,2.87164,-6.46374,7.07292,1.30939,0.00333758,0.488445,3.00307,4.07214
91,lqr_tvc,1,27.9228,27.9228,8.60445,7.07847,8.47045,8.47045,0.432079,0.988745,0,51.2146,1.11586,827.201,2.87164,-6.46374,7.07292,1.30939,0.00333758,0.488445,3.00307,4.07214
92,open_loop,0,-6.76254,6.77262,178.795,157.52,24.5799,24.5799,6.8678,-0.999779,0,47.9428,1.00601,845.774,2.23645,-1.17818,2.52781,0.994899,0.00649579,0.249384,3.19761,4.43194
92,pd_tvc,1,34.557,34.557,8.59255,7.16526,9.19107,9.19107,0.409473,0.988776,0,47.9428,1.00601,845.774,2.23645,-1.17818,2.52781,0.994899,0.00649579,0.249384,3.19761,4.43194
92,lqr_tvc,1,34.7721,34.7721,6.83819,5.84696,7.44177,7.44177,0.361369,0.992886,0,47.9428,1.00601,845.774,2.23645,-1.17818,2.52781,0.994899,0.00649579,0.249384,3.19761,4.43194
93,open_loop,0,10.5658,13.9481,172.955,53.8047,24.2266,24.2266,5.96717,-0.99245,0,51.9295,1.10562,870.591,2.06803,1.77575,2.72581,1.69857,0.00300991,0.481648,2.77386,4.89437
93,pd_tvc,1,29.4099,29.4099,15.3849,11.932,15.4322,15.4322,0.705659,0.964165,0,51.9295,1.10562,870.591,2.06803,1.77575,2.72581,1.69857,0.00300991,0.481648,2.77386,4.89437
93,lqr_tvc,1,30.0612,30.0612,12.0839,9.92109,12.4929,12.4929,0.608231,0.977842,0,51.9295,1.10562,870.591,2.06803,1.77575,2.72581,1.69857,0.00300991,0.481648,2.77386,4.89437
94,open_loop,0,20.3353,20.6084,160.899,132.308,21.6039,21.6039,5.06598,-0.944944,0,49.8209,0.969129,858.448,5.32983,-3.76402,6.52495,1.63586,0.00261054,0.542299,2.25857,5.5027
94,pd_tvc,1,31.8531,31.8531,13.8229,10.1693,13.9678,13.9678,0.666689,0.971039,0,49.8209,0.969129,858.448,5.32983,-3.76402,6.52495,1.63586,0.00261054,0.542299,2.25857,5.5027
94,lqr_tvc,1,32.3645,32.3645,11.0393,8.48306,11.3437,11.3437,0.594088,0.981496,0,49.8209,0.969129,858.448,5.32983,-3.76402,6.52495,1.63586,0.00261054,0.542299,2.25857,5.5027
95,open_loop,0,-7.99677,5.94109,177.655,90.9448,22.5505,22.5505,5.32384,-0.999163,0,51.897,0.972749,831.997,2.5456,-5.00744,5.61735,1.44653,0.00545673,0.195746,2.14724,5.99366
95,pd_tvc,1,26.7314,26.7314,12.3476,11.3294,12.3693,12.3693,0.590568,0.976868,0,51.897,0.972749,831.997,2.5456,-5.00744,5.61735,1.44653,0.00545673,0.195746,2.14724,5.99366
95,lqr_tvc,1,27.1569,27.1569,9.84501,9.12764,10.0523,10.0523,0.525713,0.985274,0,51.897,0.972749,831.997,2.5456,-5.00744,5.61735,1.44653,0.00545673,0.195746,2.14724,5.99366
96,open_loop,0,-3.12784,8.5838,176.615,102.94,25.1037,25.1037,5.35977,-0.998255,0,48.3111,0.935852,870.725,0.572227,-7.35114,7.37338,1.56506,0.00472391,0.271382,2.1705,5.19644
96,pd_tvc,1,35.0692,35.0692,14.0208,12.6653,15.9448,15.9448,0.677052,0.970208,0,48.3111,0.935852,870.725,0.572227,-7.35114,7.37338,1.56506,0.00472391,0.271382,2.1705,5.19644
96,lqr_tvc,1,35.6857,35.6857,11.2125,10.2547,13.0277,13.0277,0.608962,0.980913,0,48.3111,0.935852,870.725,0.572227,-7.35114,7.37338,1.56506,0.00472391,0.271382,2.1705,5.19644
97,open_loop,0,-4.49664,8.02352,178.533,15.8477,24.2866,24.2866,4.70057,-0.999672,0,49.9611,1.14435,839.769,-1.82861,-5.6049,5.89565,2.45056,0.0052324,0.152918,2.39948,5.84929
97,pd_tvc,1,27.3806,27.3806,22.0179,20.3282,22.8097,22.8097,0.984619,0.927066,0,49.9611,1.14435,839.769,-1.82861,-5.6049,5.89565,2.45056,0.0052324,0.152918,2.39948,5.84929
97,lqr_tvc,1,28.8448,28.8448,17.1644,16.2872,18.4405,18.4405,0.840611,0.955462,0,49.9611,1.14435,839.769,-1.82861,-5.6049,5.89565,2.45056,0.0052324,0.152918,2.39948,5.84929
98,open_loop,0,-9.29938,6.08314,178.837,111.632,23.9853,23.9853,7.65639,-0.999794,0,49.0079,0.910414,868.051,-0.413773,-0.585849,0.717236,1.23204,0.00625007,0.31904,2.62892,5.55491
98,pd_tvc,1,34.3978,34.3978,10.9844,9.78574,12.383,12.383,0.53555,0.981679,0,49.0079,0.910414,868.051,-0.413773,-0.585849,0.717236,1.23204,0.00625007,0.31904,2.62892,5.55491
98,lqr_tvc,1,34.7689,34.7689,8.81319,7.96593,10.1391,10.1391,0.485059,0.988193,0,49.0079,0.910414,868.051,-0.413773,-0.585849,0.717236,1.23204,0.00625007,0.31904,2.62892,5.55491
99,open_loop,0,-10.6897,5.18259,177.695,149.974,23.8389,23.8389,6.85175,-0.999191,0,51.4164,1.12415,849.953,-1.66056,3.68948,4.04595,0.013082,0.00692445,0.494049,3.01739,4.29707
99,pd_tvc,1,30.1879,30.1879,1.3856,1.3856,1.06812,1.06812,0.0185859,0.999708,0,51.4164,1.12415,849.953,-1.66056,3.68948,4.04595,0.013082,0.00692445,0.494049,3.01739,4.29707
99,lqr_tvc,1,30.1902,30.1902,1.1203,1.1203,0.933934,0.933934,0.0158784,0.999809,0,51.4164,1.12415,849.953,-1.66056,3.68948,4.04595,0.013082,0.00692445,0.494049,3.01739,4.29707
